,name,team,lang,score,submit,elapsed_time
0,keroru,Moréchond,PyPy3 (7.3.0),6104095,2022-12-11 18:58:28,1988 ms
1,keroru,Moréchond,PyPy3 (7.3.0),6100764,2022-12-11 18:51:28,1989 ms
2,keroru,Moréchond,PyPy3 (7.3.0),6092961,2022-12-11 18:45:38,1989 ms
3,keroru,Moréchond,PyPy3 (7.3.0),6109592,2022-12-11 18:15:09,1990 ms
4,r3yohei,焼きにゃまし隊,Rust (1.42.0),6032343,2022-12-11 18:08:34,1999 ms
5,keroru,Moréchond,PyPy3 (7.3.0),6110893,2022-12-11 18:08:00,1991 ms
6,fujikawahiroaki,三尺秋水,Crystal (0.33.0),5891552,2022-12-11 18:03:57,1991 ms
7,keroru,Moréchond,PyPy3 (7.3.0),5794910,2022-12-11 18:02:29,1973 ms
8,takekinmkk,俺はタスマニア！お前は何マニア？,C++ (GCC 9.2.1),5991316,2022-12-11 17:58:21,1915 ms
9,r3yohei,焼きにゃまし隊,Rust (1.42.0),6037006,2022-12-11 17:57:32,2000 ms
10,keroru,Moréchond,PyPy3 (7.3.0),6099667,2022-12-11 17:39:09,1989 ms
11,takekinmkk,俺はタスマニア！お前は何マニア？,C++ (GCC 9.2.1),6031499,2022-12-11 17:36:46,1915 ms
12,keroru,Moréchond,PyPy3 (7.3.0),6087799,2022-12-11 17:26:57,1989 ms
13,meowmeowcats,焼きにゃまし隊,PyPy3 (7.3.0),3587094,2022-12-11 17:06:13,1995 ms
14,keroru,Moréchond,PyPy3 (7.3.0),6041117,2022-12-11 16:49:19,1994 ms
15,keroru,Moréchond,PyPy3 (7.3.0),6031211,2022-12-11 16:39:55,1996 ms
16,takekinmkk,俺はタスマニア！お前は何マニア？,C++ (GCC 9.2.1),6036707,2022-12-11 16:36:30,1915 ms
17,fujikawahiroaki,三尺秋水,Crystal (0.33.0),5912645,2022-12-11 16:31:12,1989 ms
18,keroru,Moréchond,PyPy3 (7.3.0),6034053,2022-12-11 16:25:43,1996 ms
19,keroru,Moréchond,PyPy3 (7.3.0),6003609,2022-12-11 16:19:09,1997 ms
20,takekinmkk,俺はタスマニア！お前は何マニア？,C++ (GCC 9.2.1),5998749,2022-12-11 16:01:22,1915 ms
21,keroru,Moréchond,PyPy3 (7.3.0),6046046,2022-12-11 15:55:37,1992 ms
22,keroru,Moréchond,PyPy3 (7.3.0),6039513,2022-12-11 15:35:07,1991 ms
23,r3yohei,焼きにゃまし隊,Rust (1.42.0),6041602,2022-12-11 15:16:01,2000 ms
24,keroru,Moréchond,PyPy3 (7.3.0),6057834,2022-12-11 15:09:27,1991 ms
25,keroru,Moréchond,PyPy3 (7.3.0),6021137,2022-12-11 15:02:56,1999 ms
26,r3yohei,焼きにゃまし隊,Rust (1.42.0),6029628,2022-12-11 14:59:58,1999 ms
27,r3yohei,焼きにゃまし隊,Rust (1.42.0),6033060,2022-12-11 14:54:46,1999 ms
28,r3yohei,焼きにゃまし隊,Rust (1.42.0),6045383,2022-12-11 14:42:09,2000 ms
29,r3yohei,焼きにゃまし隊,Rust (1.42.0),6023614,2022-12-11 14:35:58,2000 ms
30,fujikawahiroaki,三尺秋水,Crystal (0.33.0),5877068,2022-12-11 14:30:59,1990 ms
31,r3yohei,焼きにゃまし隊,Rust (1.42.0),6025263,2022-12-11 14:27:37,1999 ms
32,r3yohei,焼きにゃまし隊,Rust (1.42.0),5988435,2022-12-11 14:12:39,1999 ms
33,r3yohei,焼きにゃまし隊,Rust (1.42.0),6034942,2022-12-11 13:44:29,1999 ms
34,r3yohei,焼きにゃまし隊,Rust (1.42.0),6022665,2022-12-11 13:37:32,1999 ms
35,keroru,Moréchond,PyPy3 (7.3.0),6042042,2022-12-11 13:33:46,1998 ms
36,r3yohei,焼きにゃまし隊,Rust (1.42.0),5995766,2022-12-11 12:48:02,1999 ms
37,r3yohei,焼きにゃまし隊,Rust (1.42.0),6009866,2022-12-11 12:41:35,2000 ms
38,keroru,Moréchond,PyPy3 (7.3.0),6042959,2022-12-11 12:05:02,1995 ms
39,bio4eta,ひよこ,Rust (1.42.0),5824890,2022-12-11 11:49:58,1986 ms
40,rinrion,三尺秋水,C++ (GCC 9.2.1),4717214,2022-12-11 11:01:08,1992 ms
41,keroru,Moréchond,PyPy3 (7.3.0),6061731,2022-12-11 10:11:04,1950 ms
42,r3yohei,焼きにゃまし隊,Rust (1.42.0),5988327,2022-12-11 09:37:02,1998 ms
43,r3yohei,焼きにゃまし隊,Rust (1.42.0),6036748,2022-12-11 09:31:49,1999 ms
44,r3yohei,焼きにゃまし隊,Rust (1.42.0),6031436,2022-12-11 04:05:44,1999 ms
45,r3yohei,焼きにゃまし隊,Rust (1.42.0),6029322,2022-12-11 03:52:53,2000 ms
46,r3yohei,焼きにゃまし隊,Rust (1.42.0),6028503,2022-12-11 03:47:44,1997 ms
47,tardigrade,俺はタスマニア！お前は何マニア？,C++ (GCC 9.2.1),6149264,2022-12-11 03:30:03,1988 ms
48,r3yohei,焼きにゃまし隊,Rust (1.42.0),6022815,2022-12-11 03:14:04,1994 ms
49,keroru,Moréchond,PyPy3 (7.3.0),6058356,2022-12-11 03:00:26,1952 ms
50,keroru,Moréchond,PyPy3 (7.3.0),6040526,2022-12-11 02:38:20,1957 ms
51,r3yohei,焼きにゃまし隊,Rust (1.42.0),5935116,2022-12-11 02:03:25,1998 ms
52,keroru,Moréchond,PyPy3 (7.3.0),6059405,2022-12-11 02:02:38,1954 ms
53,keroru,Moréchond,PyPy3 (7.3.0),6060578,2022-12-11 01:55:43,1954 ms
54,keroru,Moréchond,PyPy3 (7.3.0),6048543,2022-12-11 01:49:38,1954 ms
55,keroru,Moréchond,PyPy3 (7.3.0),6053454,2022-12-11 01:44:37,1953 ms
56,keroru,Moréchond,PyPy3 (7.3.0),6049473,2022-12-11 00:59:26,1954 ms
57,meowmeowcats,焼きにゃまし隊,PyPy3 (7.3.0),3440936,2022-12-11 00:56:44,1989 ms
58,keroru,Moréchond,PyPy3 (7.3.0),6062132,2022-12-11 00:19:05,1956 ms
59,keroru,Moréchond,PyPy3 (7.3.0),6037233,2022-12-11 00:05:03,1956 ms
60,keroru,Moréchond,PyPy3 (7.3.0),6054109,2022-12-10 23:56:46,1956 ms
61,r3yohei,焼きにゃまし隊,Rust (1.42.0),5991148,2022-12-10 22:57:49,1992 ms
62,keroru,Moréchond,PyPy3 (7.3.0),6018135,2022-12-10 22:41:51,1968 ms
63,keroru,Moréchond,PyPy3 (7.3.0),6024330,2022-12-10 22:35:27,1956 ms
64,kaede2020,Moréchond,C++ (GCC 9.2.1),4377385,2022-12-10 20:47:28,1992 ms
65,keroru,Moréchond,PyPy3 (7.3.0),6034555,2022-12-10 20:41:49,1955 ms
66,keroru,Moréchond,PyPy3 (7.3.0),6052401,2022-12-10 20:25:30,1958 ms
67,kaede2020,Moréchond,C++ (GCC 9.2.1),4317563,2022-12-10 20:07:53,1916 ms
68,kaede2020,Moréchond,C++ (GCC 9.2.1),3953729,2022-12-10 20:01:49,1912 ms
69,r3yohei,焼きにゃまし隊,Rust (1.42.0),5899510,2022-12-10 19:10:56,1998 ms
70,fujikawahiroaki,三尺秋水,Crystal (0.33.0),5843099,2022-12-10 19:01:19,1989 ms
71,r3yohei,焼きにゃまし隊,Rust (1.42.0),5915707,2022-12-10 18:49:55,1995 ms
72,r3yohei,焼きにゃまし隊,Rust (1.42.0),5980696,2022-12-10 18:44:07,1995 ms
73,keroru,Moréchond,PyPy3 (7.3.0),6040449,2022-12-10 18:43:20,1959 ms
74,r3yohei,焼きにゃまし隊,Rust (1.42.0),5988107,2022-12-10 18:24:29,1996 ms
75,r3yohei,焼きにゃまし隊,Rust (1.42.0),6005034,2022-12-10 18:13:32,1994 ms
76,keroru,Moréchond,PyPy3 (7.3.0),6032994,2022-12-10 18:05:10,1957 ms
77,r3yohei,焼きにゃまし隊,Rust (1.42.0),5989223,2022-12-10 18:04:06,1995 ms
78,keroru,Moréchond,PyPy3 (7.3.0),6042451,2022-12-10 17:59:54,1973 ms
79,keroru,Moréchond,PyPy3 (7.3.0),6040618,2022-12-10 17:48:01,1977 ms
80,keroru,Moréchond,PyPy3 (7.3.0),6060085,2022-12-10 17:20:09,1973 ms
81,keroru,Moréchond,PyPy3 (7.3.0),6046414,2022-12-10 17:01:27,1975 ms
82,jabee,三尺秋水,C++ (GCC 9.2.1),4363493,2022-12-10 16:15:38,1409 ms
83,keroru,Moréchond,PyPy3 (7.3.0),6060334,2022-12-10 16:13:33,1990 ms
84,r3yohei,焼きにゃまし隊,Rust (1.42.0),5948047,2022-12-10 16:09:59,1992 ms
85,jabee,三尺秋水,C++ (GCC 9.2.1),4314791,2022-12-10 16:04:18,1350 ms
86,keroru,Moréchond,PyPy3 (7.3.0),6036384,2022-12-10 15:56:53,1997 ms
87,keroru,Moréchond,PyPy3 (7.3.0),6000746,2022-12-10 15:42:53,1996 ms
88,keroru,Moréchond,PyPy3 (7.3.0),5996235,2022-12-10 15:35:40,1976 ms
89,keroru,Moréchond,PyPy3 (7.3.0),5999064,2022-12-10 15:30:39,1979 ms
90,fujikawahiroaki,三尺秋水,Crystal (0.33.0),5814795,2022-12-10 15:19:15,1989 ms
91,keroru,Moréchond,PyPy3 (7.3.0),5988983,2022-12-10 15:15:35,1998 ms
92,keroru,Moréchond,PyPy3 (7.3.0),5977096,2022-12-10 15:03:54,1993 ms
93,keroru,Moréchond,PyPy3 (7.3.0),5960792,2022-12-10 14:56:14,1994 ms
94,keroru,Moréchond,PyPy3 (7.3.0),5998797,2022-12-10 14:41:54,1995 ms
95,michirakara,Moréchond,Python (3.8.2),5546330,2022-12-10 14:24:44,1929 ms
96,michirakara,Moréchond,Cython (0.29.16),5648379,2022-12-10 14:14:29,1949 ms
97,michirakara,Moréchond,PyPy3 (7.3.0),5996611,2022-12-10 13:48:39,1979 ms
98,michirakara,Moréchond,PyPy3 (7.3.0),5975068,2022-12-10 13:42:10,2000 ms
99,keroru,Moréchond,PyPy3 (7.3.0),5983046,2022-12-10 12:32:32,1997 ms
100,keroru,Moréchond,PyPy3 (7.3.0),5979951,2022-12-10 10:56:35,1997 ms
101,keroru,Moréchond,PyPy3 (7.3.0),5983722,2022-12-10 10:50:54,1999 ms
102,keroru,Moréchond,PyPy3 (7.3.0),5989691,2022-12-10 10:15:16,1993 ms
103,keroru,Moréchond,PyPy3 (7.3.0),5977814,2022-12-10 09:12:46,1990 ms
104,ococonomy1,a1nem,C++ (GCC 9.2.1),4762577,2022-12-10 08:57:34,1978 ms
105,ococonomy1,a1nem,C++ (GCC 9.2.1),5371821,2022-12-10 08:27:13,1967 ms
106,uni_kakurenbo,a1nem,C++ (GCC 9.2.1),6285477,2022-12-10 08:15:56,1998 ms
107,michirakara,Moréchond,PyPy3 (7.3.0),5977825,2022-12-10 07:12:38,1973 ms
108,r3yohei,焼きにゃまし隊,Rust (1.42.0),5947186,2022-12-10 07:10:03,1994 ms
109,r3yohei,焼きにゃまし隊,Rust (1.42.0),5952453,2022-12-10 07:04:10,1993 ms
110,r3yohei,焼きにゃまし隊,Rust (1.42.0),5968786,2022-12-10 06:53:09,1993 ms
111,r3yohei,焼きにゃまし隊,Rust (1.42.0),5923401,2022-12-10 06:42:44,1991 ms
112,r3yohei,焼きにゃまし隊,Rust (1.42.0),5764479,2022-12-10 06:35:47,1996 ms
113,r3yohei,焼きにゃまし隊,Rust (1.42.0),5735961,2022-12-10 06:26:13,1994 ms
114,r3yohei,焼きにゃまし隊,Rust (1.42.0),5909729,2022-12-10 05:59:02,1986 ms
115,r3yohei,焼きにゃまし隊,Rust (1.42.0),5747817,2022-12-10 05:51:34,1984 ms
116,r3yohei,焼きにゃまし隊,Rust (1.42.0),5952692,2022-12-10 05:43:50,1985 ms
117,keroru,Moréchond,PyPy3 (7.3.0),5991357,2022-12-10 03:38:09,1994 ms
118,keroru,Moréchond,PyPy3 (7.3.0),5978389,2022-12-10 03:29:12,1987 ms
119,keroru,Moréchond,PyPy3 (7.3.0),5975181,2022-12-10 03:23:39,1975 ms
120,keroru,Moréchond,PyPy3 (7.3.0),5999047,2022-12-10 03:15:09,1972 ms
121,keroru,Moréchond,PyPy3 (7.3.0),5990336,2022-12-10 03:07:46,1974 ms
122,keroru,Moréchond,PyPy3 (7.3.0),5987705,2022-12-10 02:57:35,1944 ms
123,keroru,Moréchond,PyPy3 (7.3.0),5953220,2022-12-10 02:42:26,1945 ms
124,keroru,Moréchond,PyPy3 (7.3.0),5792754,2022-12-10 02:29:06,1943 ms
125,gabriel55_,三尺秋水,C++ (GCC 9.2.1),4226395,2022-12-10 02:25:36,1964 ms
126,keroru,Moréchond,PyPy3 (7.3.0),5835908,2022-12-10 02:21:00,1892 ms
127,gabriel55_,三尺秋水,C++ (GCC 9.2.1),462523,2022-12-10 02:18:03,11 ms
128,gabriel55_,三尺秋水,C++ (GCC 9.2.1),462523,2022-12-10 02:02:10,11 ms
129,bio4eta,ひよこ,Rust (1.42.0),6004460,2022-12-10 01:24:33,1984 ms
130,bio4eta,ひよこ,Rust (1.42.0),6014294,2022-12-10 01:18:18,1984 ms
131,r3yohei,焼きにゃまし隊,Rust (1.42.0),5945539,2022-12-10 01:08:36,1994 ms
132,r3yohei,焼きにゃまし隊,Rust (1.42.0),5912743,2022-12-10 01:02:42,1996 ms
133,r3yohei,焼きにゃまし隊,Rust (1.42.0),5949965,2022-12-10 00:51:11,1996 ms
134,r3yohei,焼きにゃまし隊,Rust (1.42.0),5956648,2022-12-10 00:42:40,1996 ms
135,jabee,三尺秋水,C++ (GCC 9.2.1),4326901,2022-12-10 00:28:43,1173 ms
136,r3yohei,焼きにゃまし隊,Rust (1.42.0),5915409,2022-12-10 00:26:54,1996 ms
137,bio4eta,ひよこ,Rust (1.42.0),6022374,2022-12-10 00:23:13,1994 ms
138,r3yohei,焼きにゃまし隊,Rust (1.42.0),5894304,2022-12-10 00:20:05,1996 ms
139,bio4eta,ひよこ,Rust (1.42.0),5835454,2022-12-10 00:18:13,1987 ms
140,hiraku,焼きにゃまし隊,PyPy3 (7.3.0),5413946,2022-12-10 00:15:50,1936 ms
141,r3yohei,焼きにゃまし隊,Rust (1.42.0),5898638,2022-12-10 00:14:00,1994 ms
142,r3yohei,焼きにゃまし隊,Rust (1.42.0),5857192,2022-12-10 00:07:33,1997 ms
143,bio4eta,ひよこ,Rust (1.42.0),6003041,2022-12-10 00:04:00,1991 ms
144,r3yohei,焼きにゃまし隊,Rust (1.42.0),5928349,2022-12-10 00:01:23,1995 ms
145,r3yohei,焼きにゃまし隊,Rust (1.42.0),5920004,2022-12-09 23:54:58,1996 ms
146,r3yohei,焼きにゃまし隊,Rust (1.42.0),5897052,2022-12-09 23:42:52,1996 ms
147,r3yohei,焼きにゃまし隊,Rust (1.42.0),5911974,2022-12-09 23:36:18,1996 ms
148,r3yohei,焼きにゃまし隊,Rust (1.42.0),5931297,2022-12-09 23:31:17,1995 ms
149,r3yohei,焼きにゃまし隊,Rust (1.42.0),5931012,2022-12-09 23:26:10,1997 ms
150,uni_kakurenbo,a1nem,C++ (GCC 9.2.1),6294115,2022-12-09 23:01:04,1999 ms
151,uni_kakurenbo,a1nem,C++ (GCC 9.2.1),6286390,2022-12-09 22:54:51,1998 ms
152,uni_kakurenbo,a1nem,C++ (GCC 9.2.1),6288575,2022-12-09 22:49:49,2000 ms
153,uni_kakurenbo,a1nem,C++ (GCC 9.2.1),6303914,2022-12-09 22:41:38,2000 ms
154,hiraku,焼きにゃまし隊,PyPy3 (7.3.0),5423895,2022-12-09 22:40:20,1929 ms
155,fujikawahiroaki,三尺秋水,Crystal (0.33.0),4787977,2022-12-09 22:16:46,1908 ms
156,uni_kakurenbo,a1nem,C++ (GCC 9.2.1),6287083,2022-12-09 22:08:45,1999 ms
157,uni_kakurenbo,a1nem,C++ (GCC 9.2.1),6295132,2022-12-09 21:38:31,1997 ms
158,hiraku,焼きにゃまし隊,PyPy3 (7.3.0),5281253,2022-12-09 21:23:38,1997 ms
159,uni_kakurenbo,a1nem,C++ (GCC 9.2.1),6290361,2022-12-09 20:58:33,1998 ms
160,uni_kakurenbo,a1nem,C++ (GCC 9.2.1),6297296,2022-12-09 20:39:57,1999 ms
161,uni_kakurenbo,a1nem,C++ (GCC 9.2.1),6304639,2022-12-09 20:17:45,1999 ms
162,uni_kakurenbo,a1nem,C++ (GCC 9.2.1),6293382,2022-12-09 20:03:47,1996 ms
163,uni_kakurenbo,a1nem,C++ (GCC 9.2.1),6280914,2022-12-09 19:57:47,1999 ms
164,uni_kakurenbo,a1nem,C++ (GCC 9.2.1),6287868,2022-12-09 19:51:51,2000 ms
165,uni_kakurenbo,a1nem,C++ (GCC 9.2.1),6280777,2022-12-09 19:42:42,1999 ms
166,uni_kakurenbo,a1nem,C++ (GCC 9.2.1),6284156,2022-12-09 19:30:13,2000 ms
167,uni_kakurenbo,a1nem,C++ (GCC 9.2.1),6293923,2022-12-09 18:56:57,1999 ms
168,bio4eta,ひよこ,PyPy3 (7.3.0),5815872,2022-12-09 18:09:50,1995 ms
169,uni_kakurenbo,a1nem,C++ (GCC 9.2.1),6291080,2022-12-09 16:56:11,1959 ms
170,bio4eta,ひよこ,PyPy3 (7.3.0),5520436,2022-12-09 16:45:23,1998 ms
171,uni_kakurenbo,a1nem,C++ (GCC 9.2.1),6288756,2022-12-09 16:35:15,1960 ms
172,uni_kakurenbo,a1nem,C++ (GCC 9.2.1),6293770,2022-12-09 16:24:33,1960 ms
173,yas_yasyu,Moréchond,PyPy3 (7.3.0),4565251,2022-12-09 16:15:31,1981 ms
174,fujikawahiroaki,三尺秋水,Crystal (0.33.0),4787239,2022-12-09 15:13:01,1909 ms
175,ainem,運営,Rust (1.42.0),3611669,2022-12-09 12:50:21,1987 ms
176,uni_kakurenbo,a1nem,C++ (GCC 9.2.1),6293208,2022-12-09 12:47:33,1958 ms
177,uni_kakurenbo,a1nem,C++ (GCC 9.2.1),6297377,2022-12-09 12:30:53,1958 ms
178,michirakara,Moréchond,PyPy3 (7.3.0),4663101,2022-12-09 10:57:51,2000 ms
179,michirakara,Moréchond,PyPy3 (7.3.0),4661167,2022-12-09 10:49:53,1978 ms
180,michirakara,Moréchond,PyPy3 (7.3.0),4663668,2022-12-09 10:44:34,1980 ms
181,michirakara,Moréchond,Cython (0.29.16),4635677,2022-12-09 10:20:54,1942 ms
182,michirakara,Moréchond,Cython (0.29.16),4654472,2022-12-09 10:13:54,1954 ms
183,michirakara,Moréchond,Cython (0.29.16),4536972,2022-12-09 10:02:24,1875 ms
184,michirakara,Moréchond,PyPy3 (7.3.0),4622044,2022-12-09 09:48:17,1940 ms
185,uni_kakurenbo,a1nem,C++ (GCC 9.2.1),6289969,2022-12-09 09:38:36,1959 ms
186,rinrion,三尺秋水,C++ (GCC 9.2.1),4717157,2022-12-09 09:02:13,1976 ms
187,rinrion,三尺秋水,C++ (GCC 9.2.1),4716184,2022-12-09 08:42:25,1927 ms
188,uni_kakurenbo,a1nem,C++ (GCC 9.2.1),6291684,2022-12-09 08:38:45,1957 ms
189,rinrion,三尺秋水,C++ (GCC 9.2.1),4710482,2022-12-09 08:18:28,1925 ms
190,rinrion,三尺秋水,C++ (GCC 9.2.1),4698735,2022-12-09 08:12:16,1927 ms
191,rinrion,三尺秋水,C++ (GCC 9.2.1),4706065,2022-12-09 07:53:39,1927 ms
192,rinrion,三尺秋水,C++ (GCC 9.2.1),4706126,2022-12-09 07:48:15,1933 ms
193,uni_kakurenbo,a1nem,C++ (GCC 9.2.1),6296892,2022-12-09 07:41:10,1960 ms
194,yas_yasyu,Moréchond,PyPy3 (7.3.0),4854853,2022-12-09 07:01:51,1999 ms
195,jabee,三尺秋水,C++ (GCC 9.2.1),2194547,2022-12-09 06:01:16,1987 ms
196,kaede2020,Moréchond,C++ (GCC 9.2.1),121966,2022-12-09 06:00:48,1927 ms
197,yas_yasyu,Moréchond,PyPy3 (7.3.0),4949842,2022-12-09 05:39:15,1987 ms
198,yas_yasyu,Moréchond,PyPy3 (7.3.0),4951868,2022-12-09 05:30:16,1992 ms
199,yas_yasyu,Moréchond,PyPy3 (7.3.0),4627092,2022-12-09 05:08:38,1989 ms
200,yas_yasyu,Moréchond,PyPy3 (7.3.0),4890790,2022-12-09 05:03:34,1996 ms
201,yas_yasyu,Moréchond,PyPy3 (7.3.0),4916294,2022-12-09 04:56:53,1997 ms
202,yas_yasyu,Moréchond,PyPy3 (7.3.0),4949712,2022-12-09 04:51:53,1972 ms
203,yas_yasyu,Moréchond,PyPy3 (7.3.0),4887365,2022-12-09 04:46:52,1981 ms
204,yas_yasyu,Moréchond,PyPy3 (7.3.0),4906392,2022-12-09 04:40:27,1972 ms
205,yas_yasyu,Moréchond,PyPy3 (7.3.0),4900027,2022-12-09 04:35:27,1950 ms
206,yas_yasyu,Moréchond,PyPy3 (7.3.0),4833940,2022-12-09 04:30:03,1941 ms
207,yas_yasyu,Moréchond,PyPy3 (7.3.0),4900483,2022-12-09 04:24:54,1938 ms
208,yas_yasyu,Moréchond,PyPy3 (7.3.0),4871492,2022-12-09 04:19:05,1945 ms
209,yas_yasyu,Moréchond,PyPy3 (7.3.0),4490722,2022-12-09 04:13:01,1937 ms
210,yas_yasyu,Moréchond,PyPy3 (7.3.0),4598781,2022-12-09 04:08:01,1936 ms
211,yas_yasyu,Moréchond,PyPy3 (7.3.0),4229702,2022-12-09 04:01:54,1940 ms
212,ococonomy1,a1nem,C++ (GCC 9.2.1),5365170,2022-12-09 03:36:28,1982 ms
213,yas_yasyu,Moréchond,PyPy3 (7.3.0),4455974,2022-12-09 03:30:37,1967 ms
214,yas_yasyu,Moréchond,PyPy3 (7.3.0),4366967,2022-12-09 03:25:24,1999 ms
215,ococonomy1,a1nem,C++ (GCC 9.2.1),5302983,2022-12-09 03:21:50,1996 ms
216,yas_yasyu,Moréchond,PyPy3 (7.3.0),4444461,2022-12-09 03:15:19,1884 ms
217,Gex777,三尺秋水,C++ (GCC 9.2.1),2697714,2022-12-09 02:18:24,1916 ms
218,Gex777,三尺秋水,C++ (GCC 9.2.1),4212588,2022-12-09 02:06:08,1944 ms
219,Gex777,三尺秋水,C++ (GCC 9.2.1),4212486,2022-12-09 02:00:53,1916 ms
220,r3yohei,焼きにゃまし隊,Rust (1.42.0),5928027,2022-12-09 01:34:24,1995 ms
221,r3yohei,焼きにゃまし隊,Rust (1.42.0),5937787,2022-12-09 01:27:35,1996 ms
222,r3yohei,焼きにゃまし隊,Rust (1.42.0),5896787,2022-12-09 01:00:16,1996 ms
223,r3yohei,焼きにゃまし隊,Rust (1.42.0),5916754,2022-12-09 00:45:14,1994 ms
224,uni_kakurenbo,a1nem,C++ (GCC 9.2.1),6294672,2022-12-09 00:21:13,1958 ms
225,Gex777,三尺秋水,C++ (GCC 9.2.1),4027226,2022-12-09 00:16:06,1915 ms
226,Gex777,三尺秋水,C++ (GCC 9.2.1),4027154,2022-12-09 00:11:06,1915 ms
227,uni_kakurenbo,a1nem,C++ (GCC 9.2.1),6303715,2022-12-09 00:07:48,1959 ms
228,uni_kakurenbo,a1nem,C++ (GCC 9.2.1),6297365,2022-12-09 00:01:57,1960 ms
229,uni_kakurenbo,a1nem,C++ (GCC 9.2.1),6300645,2022-12-08 23:31:16,1958 ms
230,uni_kakurenbo,a1nem,C++ (GCC 9.2.1),6285794,2022-12-08 23:19:55,1960 ms
231,r3yohei,焼きにゃまし隊,Rust (1.42.0),5787755,2022-12-08 23:02:28,1992 ms
232,uni_kakurenbo,a1nem,C++ (GCC 9.2.1),6298353,2022-12-08 23:01:08,1959 ms
233,Gex777,三尺秋水,C++ (GCC 9.2.1),4226395,2022-12-08 22:31:55,1912 ms
234,uni_kakurenbo,a1nem,C++ (GCC 9.2.1),6302210,2022-12-08 22:31:25,1959 ms
235,rinrion,三尺秋水,C++ (GCC 9.2.1),4714160,2022-12-08 22:29:46,1928 ms
236,rinrion,三尺秋水,C++ (GCC 9.2.1),4553083,2022-12-08 22:24:46,1930 ms
237,rinrion,三尺秋水,C++ (GCC 9.2.1),4716675,2022-12-08 22:19:41,1929 ms
238,keroru,Moréchond,PyPy3 (7.3.0),4685731,2022-12-08 22:18:26,1954 ms
239,keroru,Moréchond,PyPy3 (7.3.0),4682182,2022-12-08 22:12:34,1955 ms
240,keroru,Moréchond,PyPy3 (7.3.0),4635364,2022-12-08 21:59:47,1974 ms
241,r3yohei,焼きにゃまし隊,Rust (1.42.0),5942910,2022-12-08 21:58:41,1996 ms
242,r3yohei,焼きにゃまし隊,Rust (1.42.0),5936049,2022-12-08 21:51:15,1996 ms
243,r3yohei,焼きにゃまし隊,Rust (1.42.0),5925001,2022-12-08 21:45:31,1998 ms
244,r3yohei,焼きにゃまし隊,Rust (1.42.0),5915643,2022-12-08 21:38:12,1996 ms
245,uni_kakurenbo,a1nem,C++ (GCC 9.2.1),6247012,2022-12-08 21:29:32,1975 ms
246,r3yohei,焼きにゃまし隊,Rust (1.42.0),5915585,2022-12-08 21:29:15,1994 ms
247,r3yohei,焼きにゃまし隊,Rust (1.42.0),5920446,2022-12-08 21:15:15,1998 ms
248,fujikawahiroaki,三尺秋水,Crystal (0.33.0),4738395,2022-12-08 21:05:48,1912 ms
249,Gex777,三尺秋水,C++ (GCC 9.2.1),4027231,2022-12-08 20:59:13,1915 ms
250,r3yohei,焼きにゃまし隊,Rust (1.42.0),5907079,2022-12-08 20:52:40,1993 ms
251,r3yohei,焼きにゃまし隊,Rust (1.42.0),5922060,2022-12-08 20:41:07,1991 ms
252,r3yohei,焼きにゃまし隊,Rust (1.42.0),5930136,2022-12-08 20:35:06,1988 ms
253,r3yohei,焼きにゃまし隊,Rust (1.42.0),5923827,2022-12-08 20:27:05,1991 ms
254,ainem,運営,Rust (1.42.0),5257160,2022-12-08 17:17:15,1908 ms
255,r3yohei,焼きにゃまし隊,Rust (1.42.0),5848159,2022-12-08 17:07:26,1991 ms
256,r3yohei,焼きにゃまし隊,Rust (1.42.0),5532464,2022-12-08 16:41:41,1991 ms
257,rinrion,三尺秋水,C++ (GCC 9.2.1),3959266,2022-12-08 15:33:26,268 ms
258,rinrion,三尺秋水,C++ (GCC 9.2.1),4029724,2022-12-08 15:24:49,1908 ms
259,r3yohei,焼きにゃまし隊,Rust (1.42.0),5311533,2022-12-08 15:20:17,1992 ms
260,r3yohei,焼きにゃまし隊,Rust (1.42.0),5643246,2022-12-08 14:44:30,1988 ms
261,michirakara,Moréchond,Cython (0.29.16),4653603,2022-12-08 14:30:20,1949 ms
262,ococonomy1,a1nem,C++ (GCC 9.2.1),5323479,2022-12-08 13:15:29,1999 ms
263,ococonomy1,a1nem,C++ (GCC 9.2.1),5371042,2022-12-08 12:58:44,1989 ms
264,jabee,三尺秋水,C++ (GCC 9.2.1),3690771,2022-12-08 12:14:31,1975 ms
265,fujikawahiroaki,三尺秋水,Crystal (0.33.0),4683607,2022-12-08 11:58:13,1914 ms
266,ococonomy1,a1nem,C++ (GCC 9.2.1),5316054,2022-12-08 11:48:38,1992 ms
267,ococonomy1,a1nem,C++ (GCC 9.2.1),5311366,2022-12-08 11:37:53,1993 ms
268,r3yohei,焼きにゃまし隊,Rust (1.42.0),5511620,2022-12-08 11:33:46,1991 ms
269,ococonomy1,a1nem,C++ (GCC 9.2.1),5143393,2022-12-08 11:32:42,1965 ms
270,rinrion,三尺秋水,C++ (GCC 9.2.1),4315058,2022-12-08 11:19:47,1908 ms
271,uni_kakurenbo,a1nem,C++ (GCC 9.2.1),6261379,2022-12-08 09:40:05,1989 ms
272,uni_kakurenbo,a1nem,C++ (GCC 9.2.1),6256740,2022-12-08 07:51:45,1993 ms
273,ococonomy1,a1nem,C++ (GCC 9.2.1),5152010,2022-12-08 06:51:48,1998 ms
274,uni_kakurenbo,a1nem,C++ (GCC 9.2.1),6255284,2022-12-08 06:46:31,1992 ms
275,ococonomy1,a1nem,C++ (GCC 9.2.1),5326187,2022-12-08 05:02:18,1964 ms
276,ococonomy1,a1nem,C++ (GCC 9.2.1),5224774,2022-12-08 04:44:41,1964 ms
277,ococonomy1,a1nem,C++ (GCC 9.2.1),5308611,2022-12-08 04:23:46,1964 ms
278,ococonomy1,a1nem,C++ (GCC 9.2.1),5284292,2022-12-08 04:14:01,1817 ms
279,ococonomy1,a1nem,C++ (GCC 9.2.1),5222102,2022-12-08 04:07:05,1818 ms
280,ococonomy1,a1nem,C++ (GCC 9.2.1),4509786,2022-12-08 03:12:04,1904 ms
281,r3yohei,焼きにゃまし隊,Rust (1.42.0),5818089,2022-12-08 02:51:04,1991 ms
282,r3yohei,焼きにゃまし隊,Rust (1.42.0),5808009,2022-12-08 02:41:55,1990 ms
283,r3yohei,焼きにゃまし隊,Rust (1.42.0),5814197,2022-12-08 02:35:45,1988 ms
284,r3yohei,焼きにゃまし隊,Rust (1.42.0),5806994,2022-12-08 02:25:03,1991 ms
285,r3yohei,焼きにゃまし隊,Rust (1.42.0),5824424,2022-12-08 02:19:44,1988 ms
286,r3yohei,焼きにゃまし隊,Rust (1.42.0),5815405,2022-12-08 02:11:36,1955 ms
287,r3yohei,焼きにゃまし隊,Rust (1.42.0),5547243,2022-12-08 00:58:36,254 ms
288,r3yohei,焼きにゃまし隊,Rust (1.42.0),5648535,2022-12-08 00:52:42,502 ms
289,r3yohei,焼きにゃまし隊,Rust (1.42.0),5654312,2022-12-08 00:43:49,667 ms
290,ococonomy1,a1nem,C++ (GCC 9.2.1),4507271,2022-12-08 00:41:59,516 ms
291,kokatsu,ひよこ,D (DMD 2.091.0),5007759,2022-12-08 00:41:29,1910 ms
292,r3yohei,焼きにゃまし隊,Rust (1.42.0),5691049,2022-12-08 00:35:26,995 ms
293,kokatsu,ひよこ,D (DMD 2.091.0),4935534,2022-12-08 00:32:14,1907 ms
294,r3yohei,焼きにゃまし隊,Rust (1.42.0),5725713,2022-12-08 00:27:24,1976 ms
295,kokatsu,ひよこ,D (DMD 2.091.0),4783708,2022-12-08 00:19:18,1909 ms
296,r3yohei,焼きにゃまし隊,Rust (1.42.0),5744193,2022-12-08 00:18:42,1906 ms
297,kokatsu,ひよこ,D (DMD 2.091.0),4847460,2022-12-08 00:13:28,1905 ms
298,kokatsu,ひよこ,D (DMD 2.091.0),4858755,2022-12-08 00:08:08,1904 ms
299,uni_kakurenbo,a1nem,C++ (GCC 9.2.1),6259982,2022-12-08 00:00:23,1993 ms
300,kokatsu,ひよこ,D (DMD 2.091.0),4492961,2022-12-07 23:52:30,1909 ms
301,uni_kakurenbo,a1nem,C++ (GCC 9.2.1),6260176,2022-12-07 23:37:22,1989 ms
302,kaede2020,Moréchond,C++ (GCC 9.2.1),3666992,2022-12-07 23:30:19,315 ms
303,uni_kakurenbo,a1nem,C++ (GCC 9.2.1),6258882,2022-12-07 23:19:31,1966 ms
304,uni_kakurenbo,a1nem,C++ (GCC 9.2.1),6246052,2022-12-07 23:03:14,1959 ms
305,kaede2020,Moréchond,C++ (GCC 9.2.1),504705,2022-12-07 23:00:17,939 ms
306,hiraku,焼きにゃまし隊,PyPy3 (7.3.0),5326386,2022-12-07 22:24:26,1931 ms
307,hiraku,焼きにゃまし隊,PyPy3 (7.3.0),5295222,2022-12-07 21:59:42,1964 ms
308,tardigrade,俺はタスマニア！お前は何マニア？,C++ (GCC 9.2.1),6130760,2022-12-07 20:09:32,1993 ms
309,tardigrade,俺はタスマニア！お前は何マニア？,C++ (GCC 9.2.1),6132993,2022-12-07 19:58:02,1991 ms
310,tardigrade,俺はタスマニア！お前は何マニア？,C++ (GCC 9.2.1),6135158,2022-12-07 19:47:24,1988 ms
311,r3yohei,焼きにゃまし隊,Rust (1.42.0),4222730,2022-12-07 19:44:55,1951 ms
312,hiraku,焼きにゃまし隊,PyPy3 (7.3.0),5366916,2022-12-07 18:25:57,1973 ms
313,yas_yasyu,Moréchond,PyPy3 (7.3.0),4489580,2022-12-07 17:35:01,1979 ms
314,yas_yasyu,Moréchond,PyPy3 (7.3.0),4392680,2022-12-07 17:14:02,1928 ms
315,yas_yasyu,Moréchond,PyPy3 (7.3.0),2730151,2022-12-07 16:04:10,1940 ms
316,bk_cocoa,ひよこ,PyPy3 (7.3.0),811763,2022-12-07 15:37:14,1981 ms
317,fujikawahiroaki,三尺秋水,Crystal (0.33.0),4683694,2022-12-07 14:48:22,1912 ms
318,meowmeowcats,焼きにゃまし隊,PyPy3 (7.3.0),4159117,2022-12-07 14:33:19,1927 ms
319,yas_yasyu,Moréchond,PyPy3 (7.3.0),4657354,2022-12-07 14:29:30,1975 ms
320,meowmeowcats,焼きにゃまし隊,PyPy3 (7.3.0),4158666,2022-12-07 14:26:21,1924 ms
321,michirakara,Moréchond,PyPy3 (7.3.0),4664916,2022-12-07 14:25:57,1979 ms
322,michirakara,Moréchond,PyPy3 (7.3.0),4661147,2022-12-07 14:20:32,1979 ms
323,yas_yasyu,Moréchond,PyPy3 (7.3.0),4633124,2022-12-07 14:19:41,1977 ms
324,yas_yasyu,Moréchond,PyPy3 (7.3.0),4330961,2022-12-07 14:13:58,1972 ms
325,yas_yasyu,Moréchond,PyPy3 (7.3.0),2405572,2022-12-07 13:16:35,1978 ms
326,ainem,運営,Rust (1.42.0),3683561,2022-12-07 12:34:07,1907 ms
327,michirakara,Moréchond,PyPy3 (7.3.0),4664334,2022-12-07 12:28:57,1972 ms
328,michirakara,Moréchond,Cython (0.29.16),4653659,2022-12-07 12:23:08,1999 ms
329,michirakara,Moréchond,Cython (0.29.16),4646979,2022-12-07 12:18:08,1974 ms
330,michirakara,Moréchond,Cython (0.29.16),4655480,2022-12-07 12:13:06,1978 ms
331,uni_kakurenbo,a1nem,C++ (GCC 9.2.1),6209283,2022-12-07 12:10:27,1958 ms
332,michirakara,Moréchond,Cython (0.29.16),4654438,2022-12-07 12:07:50,1947 ms
333,michirakara,Moréchond,C++ (Clang 10.0.0),4644010,2022-12-07 12:01:28,1964 ms
334,uni_kakurenbo,a1nem,C++ (Clang 10.0.0),6198199,2022-12-07 11:59:38,1965 ms
335,michirakara,Moréchond,C++ (Clang 10.0.0),4644599,2022-12-07 11:56:27,1968 ms
336,michirakara,Moréchond,C++ (Clang 10.0.0),4621743,2022-12-07 11:48:03,1971 ms
337,yas_yasyu,Moréchond,PyPy3 (7.3.0),4635172,2022-12-07 11:22:06,1955 ms
338,nephrologist,ひよこ,Rust (1.42.0),3776861,2022-12-07 11:20:54,205 ms
339,nephrologist,ひよこ,Rust (1.42.0),3788830,2022-12-07 10:53:40,407 ms
340,yas_yasyu,Moréchond,PyPy3 (7.3.0),4624198,2022-12-07 10:43:09,1972 ms
341,michirakara,Moréchond,PyPy3 (7.3.0),4658799,2022-12-07 10:41:28,1976 ms
342,fujikawahiroaki,三尺秋水,Crystal (0.33.0),4683820,2022-12-07 10:12:48,1913 ms
343,fujikawahiroaki,三尺秋水,Crystal (0.33.0),4607162,2022-12-07 09:52:53,1911 ms
344,fujikawahiroaki,三尺秋水,Crystal (0.33.0),4555001,2022-12-07 09:33:57,1911 ms
345,yas_yasyu,Moréchond,PyPy3 (7.3.0),4644674,2022-12-07 09:33:34,1976 ms
346,yas_yasyu,Moréchond,PyPy3 (7.3.0),4296901,2022-12-07 09:24:56,1978 ms
347,meowmeowcats,焼きにゃまし隊,PyPy3 (7.3.0),4131471,2022-12-07 09:22:58,1118 ms
348,yas_yasyu,Moréchond,PyPy3 (7.3.0),4192556,2022-12-07 09:19:56,1975 ms
349,meowmeowcats,焼きにゃまし隊,PyPy3 (7.3.0),3520839,2022-12-07 08:21:08,1879 ms
350,meowmeowcats,焼きにゃまし隊,PyPy3 (7.3.0),3342994,2022-12-07 08:16:03,1166 ms
351,meowmeowcats,焼きにゃまし隊,PyPy3 (7.3.0),2870000,2022-12-07 08:06:47,1077 ms
352,fujikawahiroaki,三尺秋水,Crystal (0.33.0),4131143,2022-12-07 07:33:41,1911 ms
353,kaede2020,Moréchond,C++ (GCC 9.2.1),3645837,2022-12-07 06:49:54,1916 ms
354,r3yohei,焼きにゃまし隊,Rust (1.42.0),2210292,2022-12-07 06:25:30,577 ms
355,fujikawahiroaki,三尺秋水,Crystal (0.33.0),4224338,2022-12-07 06:21:41,1911 ms
356,fujikawahiroaki,三尺秋水,Crystal (0.33.0),4244061,2022-12-07 05:51:39,1907 ms
357,michirakara,Moréchond,C++ (Clang 10.0.0),3600565,2022-12-07 04:21:42,1968 ms
358,michirakara,Moréchond,C++ (Clang 10.0.0),3600828,2022-12-07 04:15:26,1967 ms
359,michirakara,Moréchond,C++ (GCC 9.2.1),3597474,2022-12-07 04:07:49,1964 ms
360,r3yohei,焼きにゃまし隊,Rust (1.42.0),3302199,2022-12-07 03:53:02,2000 ms
361,Gex777,三尺秋水,C++ (GCC 9.2.1),3737042,2022-12-07 03:22:43,1912 ms
362,Gex777,三尺秋水,C++ (GCC 9.2.1),4106302,2022-12-07 03:15:52,1913 ms
363,Gex777,三尺秋水,C++ (GCC 9.2.1),3678883,2022-12-07 03:08:53,1912 ms
364,Gex777,三尺秋水,C++ (GCC 9.2.1),4027231,2022-12-07 03:03:33,1920 ms
365,Gex777,三尺秋水,C++ (GCC 9.2.1),2964849,2022-12-07 02:58:10,1912 ms
366,Gex777,三尺秋水,C++ (GCC 9.2.1),2926173,2022-12-07 02:52:47,1916 ms
367,Gex777,三尺秋水,C++ (GCC 9.2.1),2828643,2022-12-07 02:45:53,1912 ms
368,Gex777,三尺秋水,C++ (GCC 9.2.1),2948640,2022-12-07 02:40:53,1912 ms
369,Gex777,三尺秋水,C++ (GCC 9.2.1),3603657,2022-12-07 02:35:15,1915 ms
370,Gex777,三尺秋水,C++ (GCC 9.2.1),3603310,2022-12-07 02:27:48,1916 ms
371,Gex777,三尺秋水,C++ (GCC 9.2.1),4136050,2022-12-07 02:22:35,1912 ms
372,Gex777,三尺秋水,C++ (GCC 9.2.1),3678997,2022-12-07 02:16:57,1916 ms
373,Gex777,三尺秋水,C++ (GCC 9.2.1),4226447,2022-12-07 02:11:26,1912 ms
374,Gex777,三尺秋水,C++ (GCC 9.2.1),3838511,2022-12-07 02:05:17,1916 ms
375,Gex777,三尺秋水,C++ (GCC 9.2.1),2720581,2022-12-07 01:59:50,1915 ms
376,Gex777,三尺秋水,C++ (GCC 9.2.1),2847099,2022-12-07 01:54:13,1912 ms
377,Gex777,三尺秋水,C++ (GCC 9.2.1),3518411,2022-12-07 01:48:56,1916 ms
378,Gex777,三尺秋水,C++ (GCC 9.2.1),4006309,2022-12-07 01:43:43,1912 ms
379,Gex777,三尺秋水,C++ (GCC 9.2.1),3694198,2022-12-07 01:38:40,1912 ms
380,Gex777,三尺秋水,C++ (GCC 9.2.1),4164733,2022-12-07 01:33:00,1916 ms
381,Gex777,三尺秋水,C++ (GCC 9.2.1),2838875,2022-12-07 01:28:00,1915 ms
382,Gex777,三尺秋水,C++ (GCC 9.2.1),2776273,2022-12-07 01:19:32,1916 ms
383,Gex777,三尺秋水,C++ (GCC 9.2.1),4210672,2022-12-07 01:14:25,1916 ms
384,Gex777,三尺秋水,C++ (GCC 9.2.1),3779621,2022-12-07 01:05:51,1915 ms
385,Gex777,三尺秋水,C++ (GCC 9.2.1),2776322,2022-12-07 00:51:28,1915 ms
386,kokatsu,ひよこ,D (DMD 2.091.0),4256675,2022-12-07 00:40:26,1907 ms
387,Gex777,三尺秋水,C++ (GCC 9.2.1),2776322,2022-12-07 00:38:08,1915 ms
388,Gex777,三尺秋水,C++ (GCC 9.2.1),1870859,2022-12-07 00:10:52,1816 ms
389,kokatsu,ひよこ,D (DMD 2.091.0),4395103,2022-12-07 00:06:43,1905 ms
390,kokatsu,ひよこ,D (DMD 2.091.0),4453201,2022-12-06 23:57:47,1904 ms
391,kokatsu,ひよこ,D (DMD 2.091.0),4359330,2022-12-06 23:51:22,1908 ms
392,Gex777,三尺秋水,C++ (GCC 9.2.1),3778800,2022-12-06 23:40:43,1812 ms
393,uni_kakurenbo,a1nem,C++ (GCC 9.2.1),6238443,2022-12-06 23:22:08,1958 ms
394,keroru,Moréchond,PyPy3 (7.3.0),3373845,2022-12-06 20:59:37,1970 ms
395,tardigrade,俺はタスマニア！お前は何マニア？,C++ (GCC 9.2.1),5891520,2022-12-06 20:12:37,1989 ms
396,akane831,焼きにゃまし隊,C++ (GCC 9.2.1),3724515,2022-12-06 16:56:58,36 ms
397,ococonomy1,a1nem,C++ (GCC 9.2.1),4237921,2022-12-06 16:30:29,1019 ms
398,ococonomy1,a1nem,C++ (GCC 9.2.1),4333476,2022-12-06 16:06:42,616 ms
399,fujikawahiroaki,三尺秋水,Crystal (0.33.0),2823587,2022-12-06 15:29:30,1913 ms
400,fujikawahiroaki,三尺秋水,Crystal (0.33.0),2795925,2022-12-06 14:47:24,1911 ms
401,nephrologist,ひよこ,Rust (1.42.0),3830922,2022-12-06 13:36:04,1906 ms
402,kokatsu,ひよこ,D (DMD 2.091.0),4265035,2022-12-06 13:00:20,1904 ms
403,kokatsu,ひよこ,D (DMD 2.091.0),4340902,2022-12-06 12:54:20,1904 ms
404,kokatsu,ひよこ,D (DMD 2.091.0),4189703,2022-12-06 12:32:07,1904 ms
405,ainem,運営,Rust (1.42.0),4013068,2022-12-06 11:05:14,859 ms
406,michirakara,Moréchond,PyPy3 (7.3.0),3269186,2022-12-06 10:18:23,191 ms
407,ainem,運営,C++ (GCC 9.2.1),3764694,2022-12-06 10:14:14,1242 ms
408,michirakara,Moréchond,C++ (GCC 9.2.1),3597958,2022-12-06 10:05:51,1964 ms
409,michirakara,Moréchond,C++ (Clang 10.0.0),3600649,2022-12-06 10:00:39,1964 ms
410,tardigrade,俺はタスマニア！お前は何マニア？,C++ (GCC 9.2.1),6130687,2022-12-06 09:46:38,1989 ms
411,tardigrade,俺はタスマニア！お前は何マニア？,C++ (GCC 9.2.1),6014345,2022-12-06 09:39:34,1988 ms
412,tardigrade,俺はタスマニア！お前は何マニア？,C++ (GCC 9.2.1),6025743,2022-12-06 09:34:25,1987 ms
413,ainem,運営,C++ (GCC 9.2.1),3731957,2022-12-06 09:26:32,1248 ms
414,michirakara,Moréchond,C++ (GCC 9.2.1),3312852,2022-12-06 09:21:40,1967 ms
415,uni_kakurenbo,a1nem,C++ (GCC 9.2.1),5714196,2022-12-06 07:55:16,1960 ms
416,hiraku,焼きにゃまし隊,PyPy3 (7.3.0),3966024,2022-12-06 06:01:17,1977 ms
417,ococonomy1,a1nem,C++ (GCC 9.2.1),4299188,2022-12-06 05:39:27,516 ms
418,ococonomy1,a1nem,C++ (GCC 9.2.1),4301634,2022-12-06 05:29:23,512 ms
419,ococonomy1,a1nem,C++ (GCC 9.2.1),4294364,2022-12-06 05:04:53,515 ms
420,ococonomy1,a1nem,C++ (GCC 9.2.1),4293939,2022-12-06 04:59:40,516 ms
421,ococonomy1,a1nem,C++ (GCC 9.2.1),4285471,2022-12-06 04:33:43,221 ms
422,ococonomy1,a1nem,C++ (GCC 9.2.1),4433293,2022-12-06 04:22:26,527 ms
423,r3yohei,焼きにゃまし隊,Rust (1.42.0),2277710,2022-12-06 04:14:33,1806 ms
424,takekinmkk,俺はタスマニア！お前は何マニア？,C++ (GCC 9.2.1),5624094,2022-12-06 03:01:50,1916 ms
425,takekinmkk,俺はタスマニア！お前は何マニア？,C++ (GCC 9.2.1),5420042,2022-12-06 02:49:21,1916 ms
426,takekinmkk,俺はタスマニア！お前は何マニア？,C++ (GCC 9.2.1),4842139,2022-12-06 02:26:08,1915 ms
427,kokatsu,ひよこ,D (DMD 2.091.0),4336440,2022-12-06 01:20:50,1904 ms
428,kokatsu,ひよこ,D (DMD 2.091.0),4011591,2022-12-06 01:14:06,1175 ms
429,kokatsu,ひよこ,D (DMD 2.091.0),4068731,2022-12-06 01:07:15,1904 ms
430,kokatsu,ひよこ,D (DMD 2.091.0),4294068,2022-12-06 00:58:03,1313 ms
431,kaede2020,Moréchond,C++ (GCC 9.2.1),1339878,2022-12-05 21:51:28,115 ms
432,hiraku,焼きにゃまし隊,PyPy3 (7.3.0),2970381,2022-12-05 21:36:05,1791 ms
433,keroru,Moréchond,PyPy3 (7.3.0),2213929,2022-12-05 21:02:53,1967 ms
434,keroru,Moréchond,PyPy3 (7.3.0),2214070,2022-12-05 20:54:14,1988 ms
435,bio4eta,ひよこ,PyPy3 (7.3.0),5178516,2022-12-05 20:53:28,1953 ms
436,keroru,Moréchond,PyPy3 (7.3.0),67071,2022-12-05 20:47:36,1999 ms
437,bio4eta,ひよこ,PyPy3 (7.3.0),5209314,2022-12-05 20:31:15,1950 ms
438,keroru,Moréchond,PyPy3 (7.3.0),2620555,2022-12-05 19:36:12,1686 ms
439,keroru,Moréchond,PyPy3 (7.3.0),2471573,2022-12-05 18:58:41,1686 ms
440,ainem,運営,PyPy3 (7.3.0),1814030,2022-12-05 18:14:12,1725 ms
441,ainem,運営,Rust (1.42.0),4162672,2022-12-05 17:24:20,1286 ms
442,yas_yasyu,Moréchond,PyPy3 (7.3.0),2639293,2022-12-05 17:19:57,1979 ms
443,hiraku,焼きにゃまし隊,PyPy3 (7.3.0),2886159,2022-12-05 17:17:38,1881 ms
444,yas_yasyu,Moréchond,PyPy3 (7.3.0),3524888,2022-12-05 16:25:15,1981 ms
445,yas_yasyu,Moréchond,PyPy3 (7.3.0),3522766,2022-12-05 16:05:56,1983 ms
446,yas_yasyu,Moréchond,PyPy3 (7.3.0),3523354,2022-12-05 15:59:35,1981 ms
447,akane831,焼きにゃまし隊,C++ (GCC 9.2.1),3747715,2022-12-05 15:25:57,36 ms
448,akane831,焼きにゃまし隊,C++ (GCC 9.2.1),750735,2022-12-05 15:19:07,12 ms
449,yas_yasyu,Moréchond,PyPy3 (7.3.0),3531529,2022-12-05 15:16:54,1990 ms
450,yas_yasyu,Moréchond,PyPy3 (7.3.0),3526180,2022-12-05 15:02:56,1683 ms
451,akane831,焼きにゃまし隊,C++ (GCC 9.2.1),3517957,2022-12-05 15:00:11,24 ms
452,akane831,焼きにゃまし隊,C++ (GCC 9.2.1),3415811,2022-12-05 14:53:47,1915 ms
453,akane831,焼きにゃまし隊,C++ (GCC 9.2.1),3801981,2022-12-05 14:43:03,1913 ms
454,michirakara,Moréchond,PyPy3 (7.3.0),3510926,2022-12-05 14:16:52,1988 ms
455,michirakara,Moréchond,PyPy3 (7.3.0),2128005,2022-12-05 14:10:44,1971 ms
456,michirakara,Moréchond,PyPy3 (7.3.0),2959379,2022-12-05 13:56:54,1984 ms
457,meowmeowcats,焼きにゃまし隊,PyPy3 (7.3.0),4159844,2022-12-05 13:52:55,1976 ms
458,tardigrade,俺はタスマニア！お前は何マニア？,C++ (GCC 9.2.1),6144594,2022-12-05 13:52:45,1988 ms
459,michirakara,Moréchond,PyPy3 (7.3.0),2958572,2022-12-05 13:50:03,1882 ms
460,tardigrade,俺はタスマニア！お前は何マニア？,C++ (GCC 9.2.1),6129862,2022-12-05 13:44:25,1987 ms
461,ainem,運営,Rust (1.42.0),4520107,2022-12-05 13:42:34,1858 ms
462,tardigrade,俺はタスマニア！お前は何マニア？,C++ (GCC 9.2.1),6113620,2022-12-05 13:38:39,1986 ms
463,tardigrade,俺はタスマニア！お前は何マニア？,C++ (GCC 9.2.1),6074419,2022-12-05 13:33:03,1988 ms
464,uni_kakurenbo,a1nem,C++ (GCC 9.2.1),4508705,2022-12-05 13:31:08,62 ms
465,tardigrade,俺はタスマニア！お前は何マニア？,C++ (GCC 9.2.1),6064614,2022-12-05 13:14:59,1988 ms
466,akane831,焼きにゃまし隊,C++ (GCC 9.2.1),4166154,2022-12-05 13:14:50,1912 ms
467,akane831,焼きにゃまし隊,C++ (GCC 9.2.1),4063311,2022-12-05 13:03:06,1912 ms
468,tardigrade,俺はタスマニア！お前は何マニア？,C++ (GCC 9.2.1),6074671,2022-12-05 12:02:02,1988 ms
469,ainem,運営,Rust (1.42.0),4268062,2022-12-05 11:28:22,1846 ms
470,tardigrade,俺はタスマニア！お前は何マニア？,C++ (GCC 9.2.1),6143916,2022-12-05 11:24:05,1989 ms
471,ainem,運営,Rust (1.42.0),3307104,2022-12-05 10:51:06,1909 ms
472,michirakara,Moréchond,PyPy3 (7.3.0),1416256,2022-12-05 10:12:51,349 ms
473,meowmeowcats,焼きにゃまし隊,PyPy3 (7.3.0),4124680,2022-12-05 08:54:17,1965 ms
474,uni_kakurenbo,a1nem,C++ (GCC 9.2.1),4569140,2022-12-05 08:25:07,1967 ms
475,michirakara,Moréchond,PyPy3 (7.3.0),1905120,2022-12-05 05:35:00,1996 ms
476,michirakara,Moréchond,PyPy3 (7.3.0),1900681,2022-12-05 05:29:58,1895 ms
477,michirakara,Moréchond,PyPy3 (7.3.0),1353351,2022-12-05 05:21:19,2000 ms
478,michirakara,Moréchond,PyPy3 (7.3.0),1483365,2022-12-05 04:34:03,1993 ms
479,michirakara,Moréchond,PyPy3 (7.3.0),1486690,2022-12-05 04:24:07,1962 ms
480,michirakara,Moréchond,PyPy3 (7.3.0),1211800,2022-12-05 04:18:33,1960 ms
481,michirakara,Moréchond,Cython (0.29.16),1193111,2022-12-05 04:07:43,1943 ms
482,michirakara,Moréchond,Cython (0.29.16),1182041,2022-12-05 03:52:51,1963 ms
483,uni_kakurenbo,a1nem,C++ (GCC 9.2.1),4508534,2022-12-05 00:08:39,62 ms
484,kaede2020,Moréchond,C++ (GCC 9.2.1),1339878,2022-12-04 21:42:16,115 ms
485,kuruton456,Moréchond,PyPy3 (7.3.0),2922291,2022-12-04 20:30:02,1689 ms
486,akane831,焼きにゃまし隊,C++ (GCC 9.2.1),2834625,2022-12-04 18:08:47,1964 ms
487,akane831,焼きにゃまし隊,C++ (GCC 9.2.1),2051196,2022-12-04 18:01:50,1964 ms
488,amylase,俺はタスマニア！お前は何マニア？,C++ (Clang 10.0.0),3624732,2022-12-04 17:29:46,1568 ms
489,amylase,俺はタスマニア！お前は何マニア？,C++ (Clang 10.0.0),3564863,2022-12-04 17:03:39,367 ms
490,meowmeowcats,焼きにゃまし隊,PyPy3 (7.3.0),582026,2022-12-04 15:49:53,1867 ms
491,jabee,三尺秋水,C++ (GCC 9.2.1),2536991,2022-12-04 15:35:38,1941 ms
492,michirakara,Moréchond,Cython (0.29.16),1466596,2022-12-04 14:15:10,1960 ms
493,bio4eta,ひよこ,Python (3.8.2),5100760,2022-12-04 14:05:00,1898 ms
494,keroru,Moréchond,PyPy3 (7.3.0),1260943,2022-12-04 13:52:14,1926 ms
495,amylase,俺はタスマニア！お前は何マニア？,C++ (Clang 10.0.0),3622110,2022-12-04 13:51:42,938 ms
496,bio4eta,ひよこ,Python (3.8.2),4976493,2022-12-04 13:43:42,1953 ms
497,uni_kakurenbo,a1nem,C++ (GCC 9.2.1),4508557,2022-12-04 13:36:04,109 ms
498,amylase,俺はタスマニア！お前は何マニア？,C++ (Clang 10.0.0),3496466,2022-12-04 13:05:43,1602 ms
499,bio4eta,ひよこ,PyPy3 (7.3.0),3259080,2022-12-04 13:03:29,1957 ms
500,michirakara,Moréchond,PyPy3 (7.3.0),696876,2022-12-04 12:42:00,1920 ms
501,michirakara,Moréchond,PyPy3 (7.3.0),1523131,2022-12-04 12:16:42,1923 ms
502,amylase,俺はタスマニア！お前は何マニア？,C++ (Clang 10.0.0),3558309,2022-12-04 11:40:00,1094 ms
503,akane831,焼きにゃまし隊,C++ (GCC 9.2.1),2048329,2022-12-04 11:38:08,1947 ms
504,akane831,焼きにゃまし隊,C++ (GCC 9.2.1),702320,2022-12-04 11:28:01,13 ms
505,kaede2020,Moréchond,C++ (GCC 9.2.1),645067,2022-12-04 11:14:59,39 ms
506,gabriel55_,三尺秋水,C++ (GCC 9.2.1),174011,2022-12-04 09:14:52,8 ms
507,akane831,焼きにゃまし隊,C++ (GCC 9.2.1),48370,2022-12-04 05:25:34,20 ms
508,akane831,焼きにゃまし隊,C++ (GCC 9.2.1),180078,2022-12-04 03:48:42,10 ms
509,ococonomy1,a1nem,C++ (GCC 9.2.1),4437504,2022-12-04 03:21:43,524 ms
510,michirakara,Moréchond,PyPy3 (7.3.0),983812,2022-12-04 03:11:05,1984 ms
511,bio4eta,ひよこ,Python (3.8.2),3253391,2022-12-04 00:50:17,1941 ms
512,bio4eta,ひよこ,Python (3.8.2),1727425,2022-12-04 00:26:30,1843 ms
513,ococonomy1,a1nem,C++ (GCC 9.2.1),4392777,2022-12-04 00:18:35,338 ms
514,bio4eta,ひよこ,Python (3.8.2),1345326,2022-12-04 00:14:46,149 ms
515,ococonomy1,a1nem,C++ (GCC 9.2.1),4359792,2022-12-04 00:13:35,225 ms
516,ococonomy1,a1nem,C++ (GCC 9.2.1),4127699,2022-12-04 00:08:35,126 ms
517,meowmeowcats,焼きにゃまし隊,PyPy3 (7.3.0),341998,2022-12-04 00:00:03,459 ms
518,ococonomy1,a1nem,C++ (GCC 9.2.1),4510843,2022-12-03 23:59:09,1928 ms
519,takekinmkk,俺はタスマニア！お前は何マニア？,C++ (GCC 9.2.1),543835,2022-12-03 23:47:21,6 ms
520,meowmeowcats,焼きにゃまし隊,PyPy3 (7.3.0),4861,2022-12-03 22:51:53,507 ms
521,rinrion,三尺秋水,C++ (GCC 9.2.1),2966834,2022-12-03 21:48:48,1908 ms
522,jabee,三尺秋水,C++ (GCC 9.2.1),4861,2022-12-03 20:27:33,41 ms
523,r3yohei,焼きにゃまし隊,Rust (1.42.0),420377,2022-12-03 19:39:07,1948 ms
524,bio4eta,ひよこ,Python (3.8.2),1345326,2022-12-03 17:48:51,145 ms
525,bio4eta,ひよこ,Python (3.8.2),1359090,2022-12-03 16:52:12,1927 ms
526,uni_kakurenbo,a1nem,C++ (GCC 9.2.1),4504123,2022-12-03 16:30:11,120 ms
527,r3yohei,焼きにゃまし隊,Rust (1.42.0),662714,2022-12-03 16:08:12,1936 ms
528,tardigrade,俺はタスマニア！お前は何マニア？,C++ (GCC 9.2.1),6040299,2022-12-03 15:51:48,1995 ms
529,tardigrade,俺はタスマニア！お前は何マニア？,C++ (GCC 9.2.1),6119272,2022-12-03 15:09:18,1986 ms
530,tardigrade,俺はタスマニア！お前は何マニア？,C++ (GCC 9.2.1),6120705,2022-12-03 14:40:15,1909 ms
531,G4NP0N,俺はタスマニア！お前は何マニア？,C# (.NET Core 3.1.201),3211512,2022-12-03 13:26:20,1495 ms
532,bio4eta,ひよこ,Python (3.8.2),2486036,2022-12-03 13:16:25,1545 ms
533,uni_kakurenbo,a1nem,C++ (GCC 9.2.1),4504127,2022-12-03 12:32:00,109 ms
534,uni_kakurenbo,a1nem,C++ (GCC 9.2.1),4438798,2022-12-03 12:23:22,1959 ms
535,uni_kakurenbo,a1nem,C++ (GCC 9.2.1),4432447,2022-12-03 12:07:49,1958 ms
536,uni_kakurenbo,a1nem,C++ (GCC 9.2.1),4556876,2022-12-03 12:02:38,1960 ms
537,uni_kakurenbo,a1nem,C++ (GCC 9.2.1),4187709,2022-12-03 11:57:32,1959 ms
538,uni_kakurenbo,a1nem,C++ (GCC 9.2.1),4335556,2022-12-03 11:50:46,1960 ms
539,uni_kakurenbo,a1nem,C++ (GCC 9.2.1),4185102,2022-12-03 11:28:29,1958 ms
540,uni_kakurenbo,a1nem,C++ (GCC 9.2.1),4556870,2022-12-03 11:09:32,1860 ms
541,michirakara,Moréchond,PyPy3 (7.3.0),995417,2022-12-03 10:52:23,1983 ms
542,michirakara,Moréchond,PyPy3 (7.3.0),922225,2022-12-03 10:34:19,1979 ms
543,tardigrade,俺はタスマニア！お前は何マニア？,C++ (GCC 9.2.1),6103167,2022-12-03 05:46:55,1907 ms
544,tardigrade,俺はタスマニア！お前は何マニア？,C++ (GCC 9.2.1),5809364,2022-12-03 04:59:43,1915 ms
545,G4NP0N,俺はタスマニア！お前は何マニア？,C# (.NET Core 3.1.201),1980251,2022-12-03 03:29:37,1947 ms
546,G4NP0N,俺はタスマニア！お前は何マニア？,C# (.NET Core 3.1.201),2440078,2022-12-03 02:20:27,1944 ms
547,ococonomy1,a1nem,C++ (GCC 9.2.1),3440929,2022-12-03 02:02:58,1926 ms
548,bk_cocoa,ひよこ,PyPy3 (7.3.0),136230,2022-12-03 01:57:46,121 ms
549,michirakara,Moréchond,PyPy3 (7.3.0),991360,2022-12-03 01:04:41,1982 ms
550,ococonomy1,a1nem,C++ (GCC 9.2.1),2675018,2022-12-03 00:44:28,1921 ms
551,michirakara,Moréchond,PyPy3 (7.3.0),995514,2022-12-03 00:33:30,1975 ms
552,kokatsu,ひよこ,D (DMD 2.091.0),3800646,2022-12-03 00:23:36,1909 ms
553,kokatsu,ひよこ,D (DMD 2.091.0),3749790,2022-12-03 00:15:26,1910 ms
554,kokatsu,ひよこ,D (DMD 2.091.0),3750030,2022-12-03 00:04:37,1908 ms
555,michirakara,Moréchond,PyPy3 (7.3.0),878064,2022-12-03 00:04:12,1983 ms
556,r3yohei,焼きにゃまし隊,Rust (1.42.0),570840,2022-12-02 23:53:08,1944 ms
557,r3yohei,焼きにゃまし隊,Rust (1.42.0),4861,2022-12-02 23:43:22,6 ms
558,r3yohei,焼きにゃまし隊,Rust (1.42.0),4861,2022-12-02 23:36:45,7 ms
559,kokatsu,ひよこ,D (DMD 2.091.0),1390578,2022-12-02 23:36:06,1914 ms
560,kaede2020,Moréchond,C++ (GCC 9.2.1),180042,2022-12-02 23:31:07,27 ms
561,michirakara,Moréchond,PyPy3 (7.3.0),374609,2022-12-02 23:25:22,247 ms
562,a9ua1i0n,a1nem,Rust (1.42.0),1863401,2022-12-02 23:06:55,1814 ms
563,r3yohei,焼きにゃまし隊,Rust (1.42.0),4861,2022-12-02 23:05:10,5 ms
564,ococonomy1,a1nem,C++ (GCC 9.2.1),898352,2022-12-02 23:01:40,770 ms
565,kokatsu,ひよこ,D (DMD 2.091.0),427676,2022-12-02 22:53:15,23 ms
566,r3yohei,焼きにゃまし隊,Rust (1.42.0),4861,2022-12-02 22:48:29,5 ms
567,kokatsu,ひよこ,D (DMD 2.091.0),415753,2022-12-02 22:44:45,25 ms
568,tardigrade,俺はタスマニア！お前は何マニア？,C++ (GCC 9.2.1),4472363,2022-12-02 22:44:01,1988 ms
569,michirakara,Moréchond,C++ (GCC 9.2.1),597152,2022-12-02 22:40:43,1922 ms
570,kokatsu,ひよこ,D (DMD 2.091.0),349241,2022-12-02 22:37:47,8 ms
571,michirakara,Moréchond,Python (3.8.2),257943,2022-12-02 22:35:40,1304 ms
572,uni_kakurenbo,a1nem,C++ (GCC 9.2.1),2235582,2022-12-02 22:32:37,1874 ms
573,kokatsu,ひよこ,D (DMD 2.091.0),345056,2022-12-02 22:32:18,10 ms
574,tardigrade,俺はタスマニア！お前は何マニア？,C++ (GCC 9.2.1),4322911,2022-12-02 22:30:12,1907 ms
575,michirakara,Moréchond,Python (3.8.2),253299,2022-12-02 22:29:34,176 ms
576,nephrologist,ひよこ,PyPy3 (7.3.0),3776653,2022-12-02 22:27:42,1980 ms
577,kokatsu,ひよこ,D (DMD 2.091.0),289970,2022-12-02 22:26:56,10 ms
578,nephrologist,ひよこ,PyPy3 (7.3.0),3776168,2022-12-02 22:17:09,1943 ms
579,tardigrade,俺はタスマニア！お前は何マニア？,C++ (GCC 9.2.1),4472075,2022-12-02 22:04:38,1905 ms
580,hiraku,焼きにゃまし隊,PyPy3 (7.3.0),4861,2022-12-02 21:16:56,64 ms
581,tardigrade,俺はタスマニア！お前は何マニア？,C++ (GCC 9.2.1),3837319,2022-12-02 21:09:33,1908 ms
582,ococonomy1,a1nem,C++ (GCC 9.2.1),1149200,2022-12-02 20:15:56,1912 ms
583,tardigrade,俺はタスマニア！お前は何マニア？,C++ (GCC 9.2.1),1119489,2022-12-02 20:14:52,1908 ms
584,uni_kakurenbo,a1nem,C++ (GCC 9.2.1),1377893,2022-12-02 20:09:17,1932 ms
585,r3yohei,焼きにゃまし隊,Rust (1.42.0),774689,2022-12-02 20:05:11,196 ms
586,bio4eta,ひよこ,Python (3.8.2),4861,2022-12-02 19:52:25,26 ms
587,ococonomy1,a1nem,C++ (GCC 9.2.1),206679,2022-12-02 19:45:36,10 ms
588,ococonomy1,a1nem,C++ (GCC 9.2.1),7929,2022-12-02 19:20:25,6 ms
589,tardigrade,俺はタスマニア！お前は何マニア？,PyPy3 (7.3.0),4861,2022-12-02 19:06:52,63 ms
